<?xml version="1.0" encoding="UTF-8"?>
<beans xmlns="http://www.springframework.org/schema/beans"
	xmlns:xsi="http://www.w3.org/2001/XMLSchema-instance"
	xmlns:context="http://www.springframework.org/schema/context"
	xmlns:aop="http://www.springframework.org/schema/aop"
	xsi:schemaLocation="http://www.springframework.org/schema/beans 
                           http://www.springframework.org/schema/beans/spring-beans.xsd
                           http://www.springframework.org/schema/aop 
                           http://www.springframework.org/schema/aop/spring-aop.xsd
                           http://www.springframework.org/schema/context
		                   https://www.springframework.org/schema/context/spring-context.xsd">         


	<context:component-scan base-package="com.libraray"></context:component-scan>
	
	<!-- Enable AspectJ support -->
	<aop:aspectj-autoproxy />

	<!-- Bean definition for LoggingAspect -->
	<bean id="loggingAspect" class="com.library.aspect.LoggingAspect" />

	<!-- Bean definition for BookRepository -->
	<bean id="bookRepository"
		class="com.library.repository.BookRepository" />

	<!-- Bean definition for BookService with dependency injection -->
	<bean id="bookService" class="com.library.service.BookService">
		<property name="bookRepository" ref="bookRepository" />
	</bean>

</beans>