<?xml version="1.0" encoding="UTF-8"?>
<beans xmlns="http://www.springframework.org/schema/beans"
       xmlns:xsi="http://www.w3.org/2001/XMLSchema-instance"
       xmlns:context="http://www.springframework.org/schema/context"
       xsi:schemaLocation="http://www.springframework.org/schema/beans
                           http://www.springframework.org/schema/beans/spring-beans.xsd
                           http://www.springframework.org/schema/context
                           http://www.springframework.org/schema/context/spring-context.xsd">

    <!-- Enable component scanning for the com.library package -->
    <context:component-scan base-package="exercise"/>
    
    <!-- Define BookRepository bean -->
    <bean id="bookRepository" class="com.library.BookRepository" />

    <!-- Define BookService bean with constructor injection -->
    <bean id="bookServiceConstructor" class="com.library.BookService">
        <constructor-arg ref="bookRepository" />
    </bean>

    <!-- Define BookService bean with setter injection -->
    <bean id="bookServiceSetter" class="com.library.BookService">
        <property name="bookRepository" ref="bookRepository" />
    </bean>

</beans>